objectid,seriesnumber,filename,title,title_tib,title_eng,title_page_title,title_page_title_tib,title_chi_pinyin,title_chi_characters,bdrc_text_link,bdrc_author_link,tol_author_link,author,author_tib,author_phonetics,pub_year,ISBN,bdrc_description,subjects,location,series,rights,latitude,longitude
coll001,1,arura001-bibl.pdf,Bdud rtsi’i chu rgyun,བདུད་རྩིའི་ཆུ་རྒྱུན།,Flowing River of Ambrosia,Bshad pa’i rgyud kyi rgya cher ’grel ba bdud rtsi’i chu rgyun zhes bu ba bzhugs so,བཤད་པའི་རྒྱུད་ཀྱི་རྒྱ་ཆེར་འགྲེལ་བ་བདུད་རྩིའི་ཆུ་རྒྱུན་ཞེས་བུ་བ་བཞུགས་སོ།,Shuoxu zhushu,说续注疏,https://library.bdrc.io/show/bdr:MW15590,https://library.bdrc.io/show/bdr:P3893,https://treasuryoflives.org/biographies/view/Namgyel-Drakpa-Zangpo/TBRC_P3893,Byang pa rnam rgyal grags bzang,བྱང་པ་རྣམ་རྒྱལ་གྲགས་བཟང་།,Jangpa Namgyel Drakzang,2004,7-105-05322-4,"Commentary on the Bshad rgyud, second of the four medical tantras; this commentary was written by the ruler of the Jang myriarchy, Jangdag Namgyal Tragzang (1395-1475)","15th century, Commentary, Explanatory Tantra, Bshad rgyud, བཤད་རྒྱུད།",Beijing,bod kyi gso ba rig pa’i gna’ dpe phyogs bsgrigs,Arura ©,39.9042,116.4074
coll002,2,arura002-bibl.pdf,Yan lag brgyad pa’i snying po btus pa yid bzhin nor bu,ཡན་ལག་བརྒྱད་པའི་སྙིང་པོ་བཏུས་པ་ཡིད་བཞིན་ནོར་བུ།,Wish Granting Jewel for the Compendium of the Essence of the Eight Branches,Yan lag brgyad pa thams cad kyi snying po btus pa yid bzhin gyi nor bu zhes bya ba bzhugs so,ཡན་ལག་བརྒྱད་པ་ཐམས་ཅད་ཀྱི་སྙིང་པོ་བཏུས་པ་ཡིད་བཞིན་གྱི་ནོར་བུ་ཞེས་བྱ་བ་བཞུགས་སོ།,Bazhi jiyao ruyibao,八支集要·如意宝,https://library.bdrc.io/show/bdr:MW15588,https://library.bdrc.io/show/bdr:P3893,https://treasuryoflives.org/biographies/view/Namgyel-Drakpa-Zangpo-/6278,Byang pa rnam rgyal grags bzang,བྱང་པ་རྣམ་རྒྱལ་གྲགས་བཟང་།,Jangpa Namgyel Drakzang,2004,7-105-06468-4,15th century treatise on medical practice; written by the lord of Lato Jang on the basis of the Astangahrdaya,"15th century, Commentary, Yan lag brgyad pa’i snying po bsdus pa, ཡན་ལག་བརྒྱད་པའི་སྙིང་པོ་བསྡུས་པ།, Compendium of the Essence of the Eight Branches, Vāgbhaṭa, Pha khol, ཕ་ཁོལ།
",Beijing,bod kyi gso ba rig pa’i gna’ dpe phyogs bsgrigs,Arura ©,39.9042,116.4074
coll003,3,arura003-bibl.pdf,Phan bde nor bu’i bang mdzod,ཕན་བདེ་ནོར་བུའི་བང་མཛོད།,Beneficial Treasury of Jewels,Man ngag rgyud dang phyi ma rgyud kyi lhan thabs kyi tshul du bkod pa phan bde’i nor bu’i bang mdzod ces bya ba bzhugs so,མན་ངག་རྒྱུད་དང་ཕྱི་མ་རྒྱུད་ཀྱི་ལྷན་ཐབས་ཀྱི་ཚུལ་དུ་བཀོད་པ་ཕན་བདེའི་ནོར་བུའི་བང་མཛོད་ཙེས་བྱ་བ་བཞུགས་སོ།,Yixue lile baoku,医学利乐宝库,https://library.bdrc.io/show/bdr:MW29982,https://library.bdrc.io/show/bdr:P1361,https://treasuryoflives.org/biographies/view/Karma-Ngelek-Tendzin-Trinle-Rabgye/2640,Karma nges legs bstan ’dzin,ཀརྨ་ངེས་ལེགས་བསྟན་འཛིན།,Karma Ngelek Tendzin,2004,7-105-06469-2,18th century collection of instructions for medical practice arranged according to the third and fourth tantras of the Four Medical Tantras; written by one of the nephews of Situ Panchen Chokyi Jungne,"18th century, ",Beijing,bod kyi gso ba rig pa’i gna’ dpe phyogs bsgrigs,Arura ©,39.9042,116.4074
coll004,4,arura004-bibl.pdf,Man ngag yig chung sna tshogs,མན་ངག་ཡིག་ཆུང་སྣ་ཚོགས།,Various Short Notes and Instructions,Man ngag yig chung san tshogs zhes bya ba bzhugs so,མན་ངག་ཡིག་ཆུང་སན་ཚོགས་ཞེས་བྱ་བ་བཞུགས་སོ།,Lingxing mijue ji,零星秘诀集,https://library.bdrc.io/show/bdr:MW29105,https://library.bdrc.io/show/bdr:P437,https://treasuryoflives.org/biographies/view/Konchok-Pendar/6801,Gong sman dkon mchog phan dar,གོང་སྨན་དཀོན་མཆོག་ཕན་དར།,Gongmen Könchok Pendar,2004,7-105-06467-6,16th century collection of instructions on treatments and medical preparations compiled by Gongmen Konchog Pendar,16th century,Beijing,bod kyi gso ba rig pa’i gna’ dpe phyogs bsgrigs,Arura ©,39.9042,116.4074
coll005,5,arura005-bibl.pdf,Phyi rgyud kyi ’grel pa mun sel sgron me,ཕྱི་རྒྱུད་ཀྱི་འགྲེལ་པ་མུན་སེལ་སྒྲོན་མེ།,Lamp Illuminating the Darkness: A Commentary on the Subsequent Tantra,Bdud rtsi snying po yan lag brgyad pa gsang ba man ngag gi rgyud las dum bu bzhi pa phyi ma ’phrin las rgyud kyi gzhung dang ’grel pa mun sel sgron me zhes bya ba bzhugs so,བདུད་རྩི་སྙིང་པོ་ཡན་ལག་བརྒྱད་པ་གསང་བ་མན་ངག་གི་རྒྱུད་ལས་དུམ་བུ་བཞི་པ་ཕྱི་མ་འཕྲིན་ལས་རྒྱུད་ཀྱི་གཞུང་དང་འགྲེལ་པ་མུན་སེལ་སྒྲོན་མེ་ཞེས་བྱ་བ་བཞུགས་སོ།,Qu’an mingdeng,驱暗明灯,https://library.bdrc.io/show/bdr:MW29106,https://library.bdrc.io/show/bdr:P7261,N/A,Ngag dbang dkon mchog bstan rgyal,ངག་དབང་དཀོན་མཆོག་བསྟན་རྒྱལ།,Ngawang Könchok Tengyel,2004,7-105-06465-X,"18th century commentary on the fourth of the Tibetan medical tantras, the Chima gyu; nothing is known as yet about the author, Ngawang Kongchog Tengyal",18th century,Beijing,bod kyi gso ba rig pa’i gna’ dpe phyogs bsgrigs,Arura ©,39.9042,116.4074
coll006,6.1,arura006-bibl.pdf,Gser bre ma,གསེར་བྲེ་མ།,Gold Collection,Brang ti lha rje’i man ngag gter mdzod rin po che gser bre ma bzhugs so,བྲང་ཏི་ལྷ་རྗེའི་མན་ངག་གཏེར་མཛོད་རིན་པོ་ཆེ་གསེར་བྲེ་མ་བཞུགས་སོ།,Doujin huan,斗金换,https://library.bdrc.io/show/bdr:MW17713,https://library.bdrc.io/show/bdr:P4977,N/A,Dpal ldan rgyal mtshan,དཔལ་ལྡན་རྒྱལ་མཚན།,Pelden Gyentsen,2004,7-105-06470-6,Two 14th century collections of treasured instructions on medical practice and magic by masters of the Drangti lineage of physicians connected with the Sakya court,14th century,Beijing,bod kyi gso ba rig pa’i gna’ dpe phyogs bsgrigs,Arura ©,39.9042,116.4074
coll007,6.2,arura006-bibl.pdf,Dngul bre ma,དངུལ་བྲེ་མ།,Silver Collection,Sa skya sman grong ba’i man ngag thun mong ma yin pa dngul bre ma bzhugs so/,ས་སྐྱ་སྨན་གྲོང་བའི་མན་ངག་ཐུན་མོང་མ་ཡིན་པ་དངུལ་བྲེ་མ་བཞུགས་སོ།,Douyin huan,斗银换,https://library.bdrc.io/show/bdr:MW17713,https://library.bdrc.io/show/bdr:P4977,N/A,Dpal ldan rgyal mtshan,དཔལ་ལྡན་རྒྱལ་མཚན།,Pelden Gyentsen,2004,7-105-06470-6,Two 14th century collections of treasured instructions on medical practice and magic by masters of the Drangti lineage of physicians connected with the Sakya court,14th century,Beijing,bod kyi gso ba rig pa’i gna’ dpe phyogs bsgrigs,Arura ©,39.9042,116.4074
coll008,7.1,arura007-bibl.pdf,G.yu thog rnying ma’i rnam thar,གཡུ་ཐོག་རྙིང་མའི་རྣམ་ཐར།,Life of Yutok the Elder,Rje btsun g.yu thog yon tan mgon po rnying ma’i rnam par thar ba bka’ rgya ma gzi brjid rin po che’i gter mdzod ces bya ba bzhugs so,རྗེ་བཙུན་གཡུ་ཐོག་ཡོན་ཏན་མགོན་པོ་རྙིང་མའི་རྣམ་པར་ཐར་བ་བཀའ་རྒྱ་མ་གཟི་བརྗིད་རིན་པོ་ཆེའི་གཏེར་མཛོད་བཞུགས་སོ།,Lao yutuo zhuan,新老宇妥传,https://library.bdrc.io/show/bdr:MW13868,https://library.bdrc.io/show/bdr:P9524,N/A,Jo bo lhun grub bkra shis,ཇོ་བོ་ལྷུན་གྲུབ་བཀྲ་ཤིས།,Jowo Lhündrup Trashi,2005,7-105-06748-9,"Biographical accounts of the two masters of the medical tradition in Tibet, Yuthog the Elder and Yuthog the Junior, written by Darmo Lobzang Chodrak (1638-1710)",17th century,Beijing,bod kyi gso ba rig pa’i gna’ dpe phyogs bsgrigs,Arura ©,39.9042,116.4074
coll009,7.2,arura007-bibl.pdf,G.yu thog gsar ma’i rnam thar,གཡུ་ཐོག་གསར་མའི་རྣམ་ཐར།,Life of Yutok the Younger,Dus gsum gyi rgyal ba sras bcas kyi mkhyen brtse’i spyi gzugs mkhas pa dang grub pa’i pha rol tu son pa rigs brgya’i khyab bdag g.yu thog gsar ma yon tan mgon po’i rnam par thar ba bzhugs so,དུས་གསུམ་གྱི་རྒྱལ་བ་སྲས་བཅས་ཀྱི་མཁྱེན་བརྩེའི་སྤྱི་གཟུགས་མཁས་པ་དང་གྲུབ་པའི་ཕ་རོལ་ཏུ་སོན་པ་རིགས་བརྒྱའི་ཁྱབ་བདག་གཡུ་ཐོག་གསར་མ་ཡོན་ཏན་མགོན་པོའི་རྣམ་པར་ཐར་བ་བཞུགས་སོ།,Xin yutuo zhuan,新老宇妥传,https://library.bdrc.io/show/bdr:MW13868,https://library.bdrc.io/show/bdr:P1791,https://treasuryoflives.org/biographies/view/Lobzang-Chodrak/3109,Dar mo sman rams pa blo bzang chos grags,དར་མོ་སྨན་རམབས་པ་བློ་བཟང་ཆོས་གྲགས།,Darmo Menrampa Lozang Chödrak,2005,7-105-06748-9,"Biographical accounts of the two masters of the medical tradition in Tibet, Yuthog the Elder and Yuthog the Junior, written by Darmo Lobzang Chodrak (1638-1710)",17th century,Beijing,bod kyi gso ba rig pa’i gna’ dpe phyogs bsgrigs,Arura ©,39.9042,116.4074
coll010,8,arura008-bibl.pdf,Sde srid sman gyi khog ’bubs,སྡེ་སྲིད་སྨན་གྱི་ཁོག་འབུབས།,Medical History of the Desi,Dpal ldan gso ba rig pa’i khog ’bubs legs bshad bai ḍūrya’i me long drang srong dgyes pa’i dga’ ston zhes bya ba bzhugs so,དཔལ་ལྡན་གསོ་བ་རིག་པའི་ཁོག་འབུབས་ལེགས་བཤད་བཻ་ཌཱུརྻའི་མེ་ལོང་དྲང་སྲོང་དགྱས་པའི་དགའ་སྟོན་ཞེས་བྱ་བ་བཞུགས་སོ།,Disi zangyishi,第司藏医史,https://library.bdrc.io/show/bdr:MW29485,https://library.bdrc.io/show/bdr:P421,N/A,Sde srid sangs rgyas rgya mtsho,སྡེ་སྲིད་སངས་རྒྱས་རྒྱ་མཚོ།,Desi Sanggyé Gyatso,2004,7-105-06466-8,A detailed history and survey of the medical literature and practice in Tibet,17th century,Beijing,bod kyi gso ba rig pa’i gna’ dpe phyogs bsgrigs,Arura ©,39.9042,116.4074
coll011,9,arura009-bibl.pdf,Gso rig dgos pa kun ’byung,གསོ་རིག་དགོས་པ་ཀུན་འབྱུང་།,Sourcebook of Necessary Medical Instructions,Mkhas pa’i man ngag kun ’dus dgos pa kun ’byung zhes bya ba bzhugs so,མཁས་པའི་མན་ངག་ཀུན་འདུས་དགོས་པ་ཀུན་འབྱུང་ཞེས་བྱ་བ་བཞུགས་སོ།,Zangyi mijue huiji,藏医秘诀汇集,https://library.bdrc.io/show/bdr:MW29483,https://library.bdrc.io/show/bdr:P435,https://treasuryoflives.org/biographies/view/Konchok-Delek/6779,Gong sman dkon mchog phan dar,གོང་སྨན་དཀོན་མཆོག་ཕན་དར།,Gongmen Könchok Pendar,2004,7-105-06471-4,Collection of all the Tibetan medicinal instructions,15th century,Beijing,bod kyi gso ba rig pa’i gna’ dpe phyogs bsgrigs,Arura ©,39.9042,116.4074
coll012,10,arura010-bibl.pdf,A ru’i phreng mdzes,ཨ་རུའི་ཕྲེང་མཛེས།,Beautiful Garland of Myrobalan,Rgyud bzhi’i brda’ bkrol rnam rgyal a ru ra’i phreng ba’i mdzes rgyan zhes bya ba bzhugs so,རྒྱུད་བཞིའི་བརྡ་བཀོལ་རྣམ་རྒྱལ་ཨ་རུ་རའི་ཕྲེང་བའི་མཛེས་རྒྱན་ཞེས་བྱ་བ་བཞུགས་སོ།,Sixu zhushi hezi meichuan,四续注释·诃子美串,https://library.bdrc.io/show/bdr:MW29482,https://library.bdrc.io/show/bdr:P4959,N/A,Sog po lung rigs bstan dar,སོག་པོ་ལུང་རིགས་བསྟན་དར།,Sokpo Lungrik Tendar,2005,7-105-06908-2,"Explanation of difficult terms in the Gyuzhi, the four medical tantras, by an 18th century Mongol author",19th century,Beijing,bod kyi gso ba rig pa’i gna’ dpe phyogs bsgrigs,Arura ©,39.9042,116.4074